cancel-not-revert,2
cancel-not-revert,9
cancel-revert,6
cancel-revert,4
cancel-revert,5
cancel-revert,9
finalize-assets-transfer,8
finalize-assets-transfer,10
finalize-assets-transfer-receive,2
finalize-assets-transfer-receive,10
finalize-before-deadline-revert,1
finalize-before-deadline-revert,11
finalize-before-deadline-revert,3
finalize-before-deadline-revert,7
finalize-not-revert,6
finalize-not-revert,5
finalize-not-revert-eoa,1
finalize-not-revert-eoa,4
finalize-not-revert-eoa,10
finalize-not-revert-eoa,7
finalize-or-cancel-twice-revert,4
finalize-or-cancel-twice-revert,2
finalize-revert,6
finalize-revert,1
finalize-revert,3
finalize-revert,7
finalize-sent-eq-amount,8
finalize-sent-eq-amount,5
finalize-sent-leq-amount,1
finalize-sent-leq-amount,3
finalize-sent-leq-amount,8
finalize-sent-leq-amount,11
keys-distinct,3
keys-distinct,2
keys-invariant-inter,3
keys-invariant-inter,1
keys-invariant-intra,6
keys-invariant-intra,9
okey-rkey-private-withdraw,11
okey-rkey-private-withdraw,1
okey-rkey-private-withdraw,6
okey-rkey-private-withdraw,10
okey-rkey-private-withdraw,9
okey-rkey-private-withdraw,3
okey-rkey-private-withdraw,5
okey-rkey-private-withdraw,7
receive-not-revert,2
receive-not-revert,6
rkey-no-withdraw,2
rkey-no-withdraw,3
state-idle-req-inter,9
state-idle-req-inter,6
state-idle-req-intra,7
state-idle-req-intra,3
state-req-amount-consistent,4
state-req-amount-consistent,6
state-update,10
state-update,7
state-update-receive,8
state-update-receive,11
tx-idle-req,11
tx-idle-req,1
tx-idle-req-eoa,1
tx-idle-req-eoa,6
tx-owner-assets-transfer,9
tx-owner-assets-transfer,7
tx-owner-assets-transfer-eoa,8
tx-owner-assets-transfer-eoa,9
tx-owner-assets-transfer-eoa,1
tx-owner-assets-transfer-eoa,2
tx-owner-assets-transfer-eoa,7
tx-owner-assets-transfer-eoa,6
tx-owner-assets-transfer-eoa,11
tx-owner-assets-transfer-eoa,10
tx-req-idle,5
tx-req-idle,10
tx-req-idle-eoa,1
tx-req-idle-eoa,2
tx-tx-assets-transfer,8
tx-tx-assets-transfer,6
tx-tx-assets-transfer-eoa,7
tx-tx-assets-transfer-eoa,6
tx-tx-assets-transfer-eoa-private,8
tx-tx-assets-transfer-eoa-private,6
tx-tx-assets-transfer-eoa-private,5
tx-tx-assets-transfer-eoa-private,10
withdraw-finalize-not-revert,2
withdraw-finalize-not-revert,1
withdraw-finalize-not-revert-eoa,4
withdraw-finalize-not-revert-eoa,9
withdraw-finalize-not-revert-eoa,10
withdraw-finalize-not-revert-eoa,6
withdraw-finalize-revert-inter,4
withdraw-finalize-revert-inter,6
withdraw-finalize-revert-inter,3
withdraw-finalize-revert-inter,7
withdraw-not-revert,5
withdraw-not-revert,9
withdraw-revert,5
withdraw-revert,6
withdraw-withdraw-revert,2
withdraw-withdraw-revert,10
